{"cameraMode":{"drawMode":0,"name":"Shaded","section":"Shading Mode"},"sceneLighting":false,"audioPlay":false,"sceneViewState":{"showFog":false,"showMaterialUpdate":false,"showSkybox":false,"showFlares":false,"showImageEffects":false,"showParticleSystems":false},"in2DMode":false,"pivot":{"x":0.6575431823730469,"y":3.8172526359558107,"z":7.54149055480957},"rotation":{"x":-0.4352237284183502,"y":0.011310284957289696,"z":-0.005544173065572977,"w":-0.9002758860588074},"size":54.11392593383789,"orthographic":false}